sequence_id	sequence_vdj_aa	cdr3_aa	locus	cell_id	duplicate_count	v_call	j_call	chain
complex.id.11983_beta	DSGVTQTPKHLITATGQRVTLRCSPRSGDLSVYWYQQSLDQGLQFLIQYYNGEERAKGNILERFSAQQFPDLHSELNLSSLELGDSALYFCCASSVEETSAGGHEQFFFGPGTRLTVLE	CASSVEETSAGGHEQFF	TRB	complex.id.11983	9	TRBV9*01	TRBJ2-1*01	H
complex.id.11983_beta_single	DSGVTQTPKHLITATGQRVTLRCSPRSGDLSVYWYQQSLDQGLQFLIQYYNGEERAKGNILERFSAQQFPDLHSELNLSSLELGDSALYFCCASSVEETSAGGHEQFFFGPGTRLTVLE	CASSVEETSAGGHEQFF	TRB	complex.id.11983_beta	10	TRBV9*01	TRBJ2-1*01	H
complex.id.37892_beta	EAQVTQNPRYLITVTGKKLTVTCSQNMNHEYMSWYRQDPGLGLRQIYYSMNVEVTDKGDVPEGYKVSRKEKRNFPLILESPSPNQTSLYFCCASSLGSGFDEQYFFGPGTRLTVTE	CASSLGSGFDEQYF	TRB	complex.id.37892	18	TRBV27*01	TRBJ2-7*01	H
complex.id.37892_beta_single	EAQVTQNPRYLITVTGKKLTVTCSQNMNHEYMSWYRQDPGLGLRQIYYSMNVEVTDKGDVPEGYKVSRKEKRNFPLILESPSPNQTSLYFCCASSLGSGFDEQYFFGPGTRLTVTE	CASSLGSGFDEQYF	TRB	complex.id.37892_beta	24	TRBV27*01	TRBJ2-7*01	H
complex.id.17341_beta	EAQVTQNPRYLITVTGKKLTVTCSQNMNHEYMSWYRQDPGLGLRQIYYSMNVEVTDKGDVPEGYKVSRKEKRNFPLILESPSPNQTSLYFCCASSTRQGSDEQYFFGPGTRLTVTE	CASSTRQGSDEQYF	TRB	complex.id.17341	19	TRBV27*01	TRBJ2-7*01	H
complex.id.17341_beta_single	EAQVTQNPRYLITVTGKKLTVTCSQNMNHEYMSWYRQDPGLGLRQIYYSMNVEVTDKGDVPEGYKVSRKEKRNFPLILESPSPNQTSLYFCCASSTRQGSDEQYFFGPGTRLTVTE	CASSTRQGSDEQYF	TRB	complex.id.17341_beta	17	TRBV27*01	TRBJ2-7*01	H
complex.id.17303_beta	EAQVTQNPRYLITVTGKKLTVTCSQNMNHEYMSWYRQDPGLGLRQIYYSMNVEVTDKGDVPEGYKVSRKEKRNFPLILESPSPNQTSLYFCCASTHRAANEKLFFFGSGTQLSVLE	CASTHRAANEKLFF	TRB	complex.id.17303	25	TRBV27*01	TRBJ1-4*01	H
complex.id.17303_beta_single	EAQVTQNPRYLITVTGKKLTVTCSQNMNHEYMSWYRQDPGLGLRQIYYSMNVEVTDKGDVPEGYKVSRKEKRNFPLILESPSPNQTSLYFCCASTHRAANEKLFFFGSGTQLSVLE	CASTHRAANEKLFF	TRB	complex.id.17303_beta	15	TRBV27*01	TRBJ1-4*01	H
complex.id.11866_beta	GAVVSQHPSWVICKSGTSVKIECRSLDFQATTMFWYRQFPKQSLMLMATSNEGSKATYEQGVEKDKFLINHASLTLSTLTVTSAHPEDSSFYICCSARDGDSISYNEQFFFGPGTRLTVLE	CSARDGDSISYNEQFF	TRB	complex.id.11866	25	TRBV20-1*01	TRBJ2-1*01	H
complex.id.11866_beta_single	GAVVSQHPSWVICKSGTSVKIECRSLDFQATTMFWYRQFPKQSLMLMATSNEGSKATYEQGVEKDKFLINHASLTLSTLTVTSAHPEDSSFYICCSARDGDSISYNEQFFFGPGTRLTVLE	CSARDGDSISYNEQFF	TRB	complex.id.11866_beta	10	TRBV20-1*01	TRBJ2-1*01	H
complex.id.17423_beta	GAVVSQHPSWVICKSGTSVKIECRSLDFQATTMFWYRQFPKQSLMLMATSNEGSKATYEQGVEKDKFLINHASLTLSTLTVTSAHPEDSSFYICCSVPDGAEPYGYTFFGSGTRLTVVE	CSVPDGAEPYGYTF	TRB	complex.id.17423	15	TRBV20-1*01	TRBJ1-2*01	H
complex.id.17423_beta_single	GAVVSQHPSWVICKSGTSVKIECRSLDFQATTMFWYRQFPKQSLMLMATSNEGSKATYEQGVEKDKFLINHASLTLSTLTVTSAHPEDSSFYICCSVPDGAEPYGYTFFGSGTRLTVVE	CSVPDGAEPYGYTF	TRB	complex.id.17423_beta	24	TRBV20-1*01	TRBJ1-2*01	H
complex.id.11737_beta	EAQVTQNPRYLITVTGKKLTVTCSQNMNHEYMSWYRQDPGLGLRQIYYSMNVEVTDKGDVPEGYKVSRKEKRNFPLILESPSPNQTSLYFCCASSLDSPYEQYFFGPGTRLTVTE	CASSLDSPYEQYF	TRB	complex.id.11737	13	TRBV27*01	TRBJ2-7*01	H
complex.id.11737_beta_single	EAQVTQNPRYLITVTGKKLTVTCSQNMNHEYMSWYRQDPGLGLRQIYYSMNVEVTDKGDVPEGYKVSRKEKRNFPLILESPSPNQTSLYFCCASSLDSPYEQYFFGPGTRLTVTE	CASSLDSPYEQYF	TRB	complex.id.11737_beta	24	TRBV27*01	TRBJ2-7*01	H
complex.id.17343_beta	EAQVTQNPRYLITVTGKKLTVTCSQNMNHEYMSWYRQDPGLGLRQIYYSMNVEVTDKGDVPEGYKVSRKEKRNFPLILESPSPNQTSLYFCCASGERGGPDTQYFFGPGTRLTVLE	CASGERGGPDTQYF	TRB	complex.id.17343	22	TRBV27*01	TRBJ2-3*01	H
complex.id.17343_beta_single	EAQVTQNPRYLITVTGKKLTVTCSQNMNHEYMSWYRQDPGLGLRQIYYSMNVEVTDKGDVPEGYKVSRKEKRNFPLILESPSPNQTSLYFCCASGERGGPDTQYFFGPGTRLTVLE	CASGERGGPDTQYF	TRB	complex.id.17343_beta	9	TRBV27*01	TRBJ2-3*01	H
complex.id.11437_beta	EAQVTQNPRYLITVTGKKLTVTCSQNMNHEYMSWYRQDPGLGLRQIYYSMNVEVTDKGDVPEGYKVSRKEKRNFPLILESPSPNQTSLYFCCASSDRAPSSDTQYFFGPGTRLTVLE	CASSDRAPSSDTQYF	TRB	complex.id.11437	21	TRBV27*01	TRBJ2-3*01	H
complex.id.11437_beta_single	EAQVTQNPRYLITVTGKKLTVTCSQNMNHEYMSWYRQDPGLGLRQIYYSMNVEVTDKGDVPEGYKVSRKEKRNFPLILESPSPNQTSLYFCCASSDRAPSSDTQYFFGPGTRLTVLE	CASSDRAPSSDTQYF	TRB	complex.id.11437_beta	23	TRBV27*01	TRBJ2-3*01	H
complex.id.17300_beta	EAQVTQNPRYLITVTGKKLTVTCSQNMNHEYMSWYRQDPGLGLRQIYYSMNVEVTDKGDVPEGYKVSRKEKRNFPLILESPSPNQTSLYFCCASSDRGSADTQYFFGPGTRLTVLE	CASSDRGSADTQYF	TRB	complex.id.17300	19	TRBV27*01	TRBJ2-3*01	H
complex.id.17300_beta_single	EAQVTQNPRYLITVTGKKLTVTCSQNMNHEYMSWYRQDPGLGLRQIYYSMNVEVTDKGDVPEGYKVSRKEKRNFPLILESPSPNQTSLYFCCASSDRGSADTQYFFGPGTRLTVLE	CASSDRGSADTQYF	TRB	complex.id.17300_beta	24	TRBV27*01	TRBJ2-3*01	H
complex.id.11685_beta	EAQVTQNPRYLITVTGKKLTVTCSQNMNHEYMSWYRQDPGLGLRQIYYSMNVEVTDKGDVPEGYKVSRKEKRNFPLILESPSPNQTSLYFCCASSFRDGGDTQYFFGPGTRLTVLE	CASSFRDGGDTQYF	TRB	complex.id.11685	25	TRBV27*01	TRBJ2-3*01	H
complex.id.11685_beta_single	EAQVTQNPRYLITVTGKKLTVTCSQNMNHEYMSWYRQDPGLGLRQIYYSMNVEVTDKGDVPEGYKVSRKEKRNFPLILESPSPNQTSLYFCCASSFRDGGDTQYFFGPGTRLTVLE	CASSFRDGGDTQYF	TRB	complex.id.11685_beta	21	TRBV27*01	TRBJ2-3*01	H
complex.id.37884_beta	EAQVTQNPRYLITVTGKKLTVTCSQNMNHEYMSWYRQDPGLGLRQIYYSMNVEVTDKGDVPEGYKVSRKEKRNFPLILESPSPNQTSLYFCCASSFRSGQDTQYFFGPGTRLTVLE	CASSFRSGQDTQYF	TRB	complex.id.37884	19	TRBV27*01	TRBJ2-3*01	H
complex.id.37884_beta_single	EAQVTQNPRYLITVTGKKLTVTCSQNMNHEYMSWYRQDPGLGLRQIYYSMNVEVTDKGDVPEGYKVSRKEKRNFPLILESPSPNQTSLYFCCASSFRSGQDTQYFFGPGTRLTVLE	CASSFRSGQDTQYF	TRB	complex.id.37884_beta	23	TRBV27*01	TRBJ2-3*01	H
complex.id.17307_beta	EAQVTQNPRYLITVTGKKLTVTCSQNMNHEYMSWYRQDPGLGLRQIYYSMNVEVTDKGDVPEGYKVSRKEKRNFPLILESPSPNQTSLYFCCASSLRDYLDTQYFFGPGTRLTVLE	CASSLRDYLDTQYF	TRB	complex.id.17307	24	TRBV27*01	TRBJ2-3*01	H
complex.id.17307_beta_single	EAQVTQNPRYLITVTGKKLTVTCSQNMNHEYMSWYRQDPGLGLRQIYYSMNVEVTDKGDVPEGYKVSRKEKRNFPLILESPSPNQTSLYFCCASSLRDYLDTQYFFGPGTRLTVLE	CASSLRDYLDTQYF	TRB	complex.id.17307_beta	24	TRBV27*01	TRBJ2-3*01	H
complex.id.11396_beta	EAQVTQNPRYLITVTGKKLTVTCSQNMNHEYMSWYRQDPGLGLRQIYYSMNVEVTDKGDVPEGYKVSRKEKRNFPLILESPSPNQTSLYFCCASSLRSGQDEQFFFGPGTRLTVLE	CASSLRSGQDEQFF	TRB	complex.id.11396	18	TRBV27*01	TRBJ2-1*01	H
complex.id.11396_beta_single	EAQVTQNPRYLITVTGKKLTVTCSQNMNHEYMSWYRQDPGLGLRQIYYSMNVEVTDKGDVPEGYKVSRKEKRNFPLILESPSPNQTSLYFCCASSLRSGQDEQFFFGPGTRLTVLE	CASSLRSGQDEQFF	TRB	complex.id.11396_beta	22	TRBV27*01	TRBJ2-1*01	H
complex.id.37882_beta	EAQVTQNPRYLITVTGKKLTVTCSQNMNHEYMSWYRQDPGLGLRQIYYSMNVEVTDKGDVPEGYKVSRKEKRNFPLILESPSPNQTSLYFCCASSLRSGSDEQFFFGPGTRLTVLE	CASSLRSGSDEQFF	TRB	complex.id.37882	16	TRBV27*01	TRBJ2-1*01	H
complex.id.37882_beta_single	EAQVTQNPRYLITVTGKKLTVTCSQNMNHEYMSWYRQDPGLGLRQIYYSMNVEVTDKGDVPEGYKVSRKEKRNFPLILESPSPNQTSLYFCCASSLRSGSDEQFFFGPGTRLTVLE	CASSLRSGSDEQFF	TRB	complex.id.37882_beta	15	TRBV27*01	TRBJ2-1*01	H
complex.id.37894_beta	EAQVTQNPRYLITVTGKKLTVTCSQNMNHEYMSWYRQDPGLGLRQIYYSMNVEVTDKGDVPEGYKVSRKEKRNFPLILESPSPNQTSLYFCCASSLSSGFDEQFFFGPGTRLTVLE	CASSLSSGFDEQFF	TRB	complex.id.37894	20	TRBV27*01	TRBJ2-1*01	H
complex.id.37894_beta_single	EAQVTQNPRYLITVTGKKLTVTCSQNMNHEYMSWYRQDPGLGLRQIYYSMNVEVTDKGDVPEGYKVSRKEKRNFPLILESPSPNQTSLYFCCASSLSSGFDEQFFFGPGTRLTVLE	CASSLSSGFDEQFF	TRB	complex.id.37894_beta	23	TRBV27*01	TRBJ2-1*01	H
complex.id.11304_beta	EAQVTQNPRYLITVTGKKLTVTCSQNMNHEYMSWYRQDPGLGLRQIYYSMNVEVTDKGDVPEGYKVSRKEKRNFPLILESPSPNQTSLYFCCASSMRSGSDEQYFFGPGTRLTVTE	CASSMRSGSDEQYF	TRB	complex.id.11304	20	TRBV27*01	TRBJ2-7*01	H
complex.id.11304_beta_single	EAQVTQNPRYLITVTGKKLTVTCSQNMNHEYMSWYRQDPGLGLRQIYYSMNVEVTDKGDVPEGYKVSRKEKRNFPLILESPSPNQTSLYFCCASSMRSGSDEQYFFGPGTRLTVTE	CASSMRSGSDEQYF	TRB	complex.id.11304_beta	25	TRBV27*01	TRBJ2-7*01	H
complex.id.11683_beta	EAQVTQNPRYLITVTGKKLTVTCSQNMNHEYMSWYRQDPGLGLRQIYYSMNVEVTDKGDVPEGYKVSRKEKRNFPLILESPSPNQTSLYFCCASSPRSGFDEQYFFGPGTRLTVTE	CASSPRSGFDEQYF	TRB	complex.id.11683	25	TRBV27*01	TRBJ2-7*01	H
complex.id.11683_beta_single	EAQVTQNPRYLITVTGKKLTVTCSQNMNHEYMSWYRQDPGLGLRQIYYSMNVEVTDKGDVPEGYKVSRKEKRNFPLILESPSPNQTSLYFCCASSPRSGFDEQYFFGPGTRLTVTE	CASSPRSGFDEQYF	TRB	complex.id.11683_beta	14	TRBV27*01	TRBJ2-7*01	H
complex.id.17304_beta	EAQVTQNPRYLITVTGKKLTVTCSQNMNHEYMSWYRQDPGLGLRQIYYSMNVEVTDKGDVPEGYKVSRKEKRNFPLILESPSPNQTSLYFCCASSPRTGWDPQHFFGDGTRLSILE	CASSPRTGWDPQHF	TRB	complex.id.17304	24	TRBV27*01	TRBJ1-5*01	H
complex.id.17304_beta_single	EAQVTQNPRYLITVTGKKLTVTCSQNMNHEYMSWYRQDPGLGLRQIYYSMNVEVTDKGDVPEGYKVSRKEKRNFPLILESPSPNQTSLYFCCASSPRTGWDPQHFFGDGTRLSILE	CASSPRTGWDPQHF	TRB	complex.id.17304_beta	25	TRBV27*01	TRBJ1-5*01	H
complex.id.37881_beta	EAQVTQNPRYLITVTGKKLTVTCSQNMNHEYMSWYRQDPGLGLRQIYYSMNVEVTDKGDVPEGYKVSRKEKRNFPLILESPSPNQTSLYFCCASSSSSGWDEQFFFGPGTRLTVLE	CASSSSSGWDEQFF	TRB	complex.id.37881	14	TRBV27*01	TRBJ2-1*01	H
complex.id.37881_beta_single	EAQVTQNPRYLITVTGKKLTVTCSQNMNHEYMSWYRQDPGLGLRQIYYSMNVEVTDKGDVPEGYKVSRKEKRNFPLILESPSPNQTSLYFCCASSSSSGWDEQFFFGPGTRLTVLE	CASSSSSGWDEQFF	TRB	complex.id.37881_beta	15	TRBV27*01	TRBJ2-1*01	H
complex.id.11715_beta	EAQVTQNPRYLITVTGKKLTVTCSQNMNHEYMSWYRQDPGLGLRQIYYSMNVEVTDKGDVPEGYKVSRKEKRNFPLILESPSPNQTSLYFCCASSYRDGGDEQYFFGPGTRLTVTE	CASSYRDGGDEQYF	TRB	complex.id.11715	12	TRBV27*01	TRBJ2-7*01	H
complex.id.11715_beta_single	EAQVTQNPRYLITVTGKKLTVTCSQNMNHEYMSWYRQDPGLGLRQIYYSMNVEVTDKGDVPEGYKVSRKEKRNFPLILESPSPNQTSLYFCCASSYRDGGDEQYFFGPGTRLTVTE	CASSYRDGGDEQYF	TRB	complex.id.11715_beta	11	TRBV27*01	TRBJ2-7*01	H
complex.id.17337_beta	EAQVTQNPRYLITVTGKKLTVTCSQNMNHEYMSWYRQDPGLGLRQIYYSMNVEVTDKGDVPEGYKVSRKEKRNFPLILESPSPNQTSLYFCCASSPRGPTDTQYFFGPGTRLTVLE	CASSPRGPTDTQYF	TRB	complex.id.17337	15	TRBV27*01	TRBJ2-3*01	H
complex.id.17337_beta_single	EAQVTQNPRYLITVTGKKLTVTCSQNMNHEYMSWYRQDPGLGLRQIYYSMNVEVTDKGDVPEGYKVSRKEKRNFPLILESPSPNQTSLYFCCASSPRGPTDTQYFFGPGTRLTVLE	CASSPRGPTDTQYF	TRB	complex.id.17337_beta	12	TRBV27*01	TRBJ2-3*01	H
complex.id.11808_beta	DGGITQSPKYLFRKEGQNVTLSCEQNLNHDAMYWYRQDPGQGLRLIYYSQIVNDFQKGDIAEGYSVSREKKESFPLTVTSAQKNPTAFYLCCASSIEWSGGQETQYFFGPGTRLLVLE	CASSIEWSGGQETQYF	TRB	complex.id.11808	13	TRBV19*01	TRBJ2-5*01	H
complex.id.11808_beta_single	DGGITQSPKYLFRKEGQNVTLSCEQNLNHDAMYWYRQDPGQGLRLIYYSQIVNDFQKGDIAEGYSVSREKKESFPLTVTSAQKNPTAFYLCCASSIEWSGGQETQYFFGPGTRLLVLE	CASSIEWSGGQETQYF	TRB	complex.id.11808_beta	11	TRBV19*01	TRBJ2-5*01	H
complex.id.17305_beta	EAQVTQNPRYLITVTGKKLTVTCSQNMNHEYMSWYRQDPGLGLRQIYYSMNVEVTDKGDVPEGYKVSRKEKRNFPLILESPSPNQTSLYFCCASSWEKTPYNEQFFFGPGTRLTVLE	CASSWEKTPYNEQFF	TRB	complex.id.17305	22	TRBV27*01	TRBJ2-1*01	H
complex.id.17305_beta_single	EAQVTQNPRYLITVTGKKLTVTCSQNMNHEYMSWYRQDPGLGLRQIYYSMNVEVTDKGDVPEGYKVSRKEKRNFPLILESPSPNQTSLYFCCASSWEKTPYNEQFFFGPGTRLTVLE	CASSWEKTPYNEQFF	TRB	complex.id.17305_beta	17	TRBV27*01	TRBJ2-1*01	H
complex.id.17335_beta	EAQVTQNPRYLITVTGKKLTVTCSQNMNHEYMSWYRQDPGLGLRQIYYSMNVEVTDKGDVPEGYKVSRKEKRNFPLILESPSPNQTSLYFCCASGQRDYNEQFFFGPGTRLTVLE	CASGQRDYNEQFF	TRB	complex.id.17335	14	TRBV27*01	TRBJ2-1*01	H
complex.id.17335_beta_single	EAQVTQNPRYLITVTGKKLTVTCSQNMNHEYMSWYRQDPGLGLRQIYYSMNVEVTDKGDVPEGYKVSRKEKRNFPLILESPSPNQTSLYFCCASGQRDYNEQFFFGPGTRLTVLE	CASGQRDYNEQFF	TRB	complex.id.17335_beta	17	TRBV27*01	TRBJ2-1*01	H
complex.id.12032_beta	EAQVTQNPRYLITVTGKKLTVTCSQNMNHEYMSWYRQDPGLGLRQIYYSMNVEVTDKGDVPEGYKVSRKEKRNFPLILESPSPNQTSLYFCCASSLSAGLDEQFFFGPGTRLTVLE	CASSLSAGLDEQFF	TRB	complex.id.12032	9	TRBV27*01	TRBJ2-1*01	H
complex.id.12032_beta_single	EAQVTQNPRYLITVTGKKLTVTCSQNMNHEYMSWYRQDPGLGLRQIYYSMNVEVTDKGDVPEGYKVSRKEKRNFPLILESPSPNQTSLYFCCASSLSAGLDEQFFFGPGTRLTVLE	CASSLSAGLDEQFF	TRB	complex.id.12032_beta	14	TRBV27*01	TRBJ2-1*01	H
complex.id.17344_beta	EAQVTQNPRYLITVTGKKLTVTCSQNMNHEYMSWYRQDPGLGLRQIYYSMNVEVTDKGDVPEGYKVSRKEKRNFPLILESPSPNQTSLYFCCASSDRDPYEQYFFGPGTRLTVTE	CASSDRDPYEQYF	TRB	complex.id.17344	20	TRBV27*01	TRBJ2-7*01	H
complex.id.17344_beta_single	EAQVTQNPRYLITVTGKKLTVTCSQNMNHEYMSWYRQDPGLGLRQIYYSMNVEVTDKGDVPEGYKVSRKEKRNFPLILESPSPNQTSLYFCCASSDRDPYEQYFFGPGTRLTVTE	CASSDRDPYEQYF	TRB	complex.id.17344_beta	15	TRBV27*01	TRBJ2-7*01	H
complex.id.11426_beta	EAQVTQNPRYLITVTGKKLTVTCSQNMNHEYMSWYRQDPGLGLRQIYYSMNVEVTDKGDVPEGYKVSRKEKRNFPLILESPSPNQTSLYFCCASSLDSPYEQYFFGPGTRLTVTE	CASSLDSPYEQYF	TRB	complex.id.11426	21	TRBV27*01	TRBJ2-7*01	H
complex.id.11426_beta_single	EAQVTQNPRYLITVTGKKLTVTCSQNMNHEYMSWYRQDPGLGLRQIYYSMNVEVTDKGDVPEGYKVSRKEKRNFPLILESPSPNQTSLYFCCASSLDSPYEQYFFGPGTRLTVTE	CASSLDSPYEQYF	TRB	complex.id.11426_beta	9	TRBV27*01	TRBJ2-7*01	H
complex.id.12031_beta	EAQVTQNPRYLITVTGKKLTVTCSQNMNHEYMSWYRQDPGLGLRQIYYSMNVEVTDKGDVPEGYKVSRKEKRNFPLILESPSPNQTSLYFCCASSISHSTDTQYFFGPGTRLTVLE	CASSISHSTDTQYF	TRB	complex.id.12031	25	TRBV27*01	TRBJ2-3*01	H
complex.id.12031_beta_single	EAQVTQNPRYLITVTGKKLTVTCSQNMNHEYMSWYRQDPGLGLRQIYYSMNVEVTDKGDVPEGYKVSRKEKRNFPLILESPSPNQTSLYFCCASSISHSTDTQYFFGPGTRLTVLE	CASSISHSTDTQYF	TRB	complex.id.12031_beta	23	TRBV27*01	TRBJ2-3*01	H
complex.id.17434_beta	EAQVTQNPRYLITVTGKKLTVTCSQNMNHEYMSWYRQDPGLGLRQIYYSMNVEVTDKGDVPEGYKVSRKEKRNFPLILESPSPNQTSLYFCCASSPSTPAWDEQFFFGPGTRLTVLE	CASSPSTPAWDEQFF	TRB	complex.id.17434	22	TRBV27*01	TRBJ2-1*01	H
complex.id.17434_beta_single	EAQVTQNPRYLITVTGKKLTVTCSQNMNHEYMSWYRQDPGLGLRQIYYSMNVEVTDKGDVPEGYKVSRKEKRNFPLILESPSPNQTSLYFCCASSPSTPAWDEQFFFGPGTRLTVLE	CASSPSTPAWDEQFF	TRB	complex.id.17434_beta	25	TRBV27*01	TRBJ2-1*01	H
complex.id.11213_beta	EAQVTQNPRYLITVTGKKLTVTCSQNMNHEYMSWYRQDPGLGLRQIYYSMNVEVTDKGDVPEGYKVSRKEKRNFPLILESPSPNQTSLYFCCASSDRTSQETQYFFGPGTRLLVLE	CASSDRTSQETQYF	TRB	complex.id.11213	8	TRBV27*01	TRBJ2-5*01	H
complex.id.11213_beta_single	EAQVTQNPRYLITVTGKKLTVTCSQNMNHEYMSWYRQDPGLGLRQIYYSMNVEVTDKGDVPEGYKVSRKEKRNFPLILESPSPNQTSLYFCCASSDRTSQETQYFFGPGTRLLVLE	CASSDRTSQETQYF	TRB	complex.id.11213_beta	8	TRBV27*01	TRBJ2-5*01	H
complex.id.11750_beta	DAGVTQSPTHLIKTRGQQVTLRCSPISGHKSVSWYQQVLGQGPQFIFQYYEKEERGRGNFPDRFSARQFPNYSSELNVNALLLGDSALYLCCASSLYESHNEQFFFGPGTRLTVLE	CASSLYESHNEQFF	TRB	complex.id.11750	19	TRBV5-5*01	TRBJ2-1*01	H
complex.id.11750_beta_single	DAGVTQSPTHLIKTRGQQVTLRCSPISGHKSVSWYQQVLGQGPQFIFQYYEKEERGRGNFPDRFSARQFPNYSSELNVNALLLGDSALYLCCASSLYESHNEQFFFGPGTRLTVLE	CASSLYESHNEQFF	TRB	complex.id.11750_beta	22	TRBV5-5*01	TRBJ2-1*01	H
complex.id.11316_beta	DVKVTQSSRYLVKRTGEKVFLECVQDMDHENMFWYRQDPGLGLRLIYFSYDVKMKEKGDIPEGYSVSREKKERFSLILESASTNQTSMYLCCASSYPRRSSSYNEQFFFGPGTRLTVLE	CASSYPRRSSSYNEQFF	TRB	complex.id.11316	15	TRBV28*01	TRBJ2-1*01	H
complex.id.11316_beta_single	DVKVTQSSRYLVKRTGEKVFLECVQDMDHENMFWYRQDPGLGLRLIYFSYDVKMKEKGDIPEGYSVSREKKERFSLILESASTNQTSMYLCCASSYPRRSSSYNEQFFFGPGTRLTVLE	CASSYPRRSSSYNEQFF	TRB	complex.id.11316_beta	24	TRBV28*01	TRBJ2-1*01	H
complex.id.11387_beta	DVKVTQSSRYLVKRTGEKVFLECVQDMDHENMFWYRQDPGLGLRLIYFSYDVKMKEKGDIPEGYSVSREKKERFSLILESASTNQTSMYLCCASGLADTDTQYFFGPGTRLTVLE	CASGLADTDTQYF	TRB	complex.id.11387	15	TRBV28*01	TRBJ2-3*01	H
complex.id.11387_beta_single	DVKVTQSSRYLVKRTGEKVFLECVQDMDHENMFWYRQDPGLGLRLIYFSYDVKMKEKGDIPEGYSVSREKKERFSLILESASTNQTSMYLCCASGLADTDTQYFFGPGTRLTVLE	CASGLADTDTQYF	TRB	complex.id.11387_beta	11	TRBV28*01	TRBJ2-3*01	H
complex.id.11904_beta	EAQVTQNPRYLITVTGKKLTVTCSQNMNHEYMSWYRQDPGLGLRQIYYSMNVEVTDKGDVPEGYKVSRKEKRNFPLILESPSPNQTSLYFCCASSETHSNQPQHFFGDGTRLSILE	CASSETHSNQPQHF	TRB	complex.id.11904	24	TRBV27*01	TRBJ1-5*01	H
complex.id.11904_beta_single	EAQVTQNPRYLITVTGKKLTVTCSQNMNHEYMSWYRQDPGLGLRQIYYSMNVEVTDKGDVPEGYKVSRKEKRNFPLILESPSPNQTSLYFCCASSETHSNQPQHFFGDGTRLSILE	CASSETHSNQPQHF	TRB	complex.id.11904_beta	9	TRBV27*01	TRBJ1-5*01	H
complex.id.17310_beta	DVKVTQSSRYLVKRTGEKVFLECVQDMDHENMFWYRQDPGLGLRLIYFSYDVKMKEKGDIPEGYSVSREKKERFSLILESASTNQTSMYLCCASSFPRTSYSYNEQFFFGPGTRLTVLE	CASSFPRTSYSYNEQFF	TRB	complex.id.17310	12	TRBV28*01	TRBJ2-1*01	H
complex.id.17310_beta_single	DVKVTQSSRYLVKRTGEKVFLECVQDMDHENMFWYRQDPGLGLRLIYFSYDVKMKEKGDIPEGYSVSREKKERFSLILESASTNQTSMYLCCASSFPRTSYSYNEQFFFGPGTRLTVLE	CASSFPRTSYSYNEQFF	TRB	complex.id.17310_beta	25	TRBV28*01	TRBJ2-1*01	H
complex.id.11682_beta	EAQVTQNPRYLITVTGKKLTVTCSQNMNHEYMSWYRQDPGLGLRQIYYSMNVEVTDKGDVPEGYKVSRKEKRNFPLILESPSPNQTSLYFCCASSSRGPHGDEQFFFGPGTRLTVLE	CASSSRGPHGDEQFF	TRB	complex.id.11682	20	TRBV27*01	TRBJ2-1*01	H
complex.id.11682_beta_single	EAQVTQNPRYLITVTGKKLTVTCSQNMNHEYMSWYRQDPGLGLRQIYYSMNVEVTDKGDVPEGYKVSRKEKRNFPLILESPSPNQTSLYFCCASSSRGPHGDEQFFFGPGTRLTVLE	CASSSRGPHGDEQFF	TRB	complex.id.11682_beta	25	TRBV27*01	TRBJ2-1*01	H
complex.id.11534_beta_single	DVKVTQSSRYLVKRTGEKVFLECVQDMDHENMFWYRQDPGLGLRLIYFSYDVKMKEKGDIPEGYSVSREKKERFSLILESASTNQTSMYLCCASSLAGGIVDEQFFFGPGTRLTVLE	CASSLAGGIVDEQFF	TRB	complex.id.11534_beta	15	TRBV28*01	TRBJ2-1*01	H
complex.id.17338_beta	EAQVTQNPRYLITVTGKKLTVTCSQNMNHEYMSWYRQDPGLGLRQIYYSMNVEVTDKGDVPEGYKVSRKEKRNFPLILESPSPNQTSLYFCCATGDRGGTDTQYFFGPGTRLTVLE	CATGDRGGTDTQYF	TRB	complex.id.17338	19	TRBV27*01	TRBJ2-3*01	H
complex.id.17338_beta_single	EAQVTQNPRYLITVTGKKLTVTCSQNMNHEYMSWYRQDPGLGLRQIYYSMNVEVTDKGDVPEGYKVSRKEKRNFPLILESPSPNQTSLYFCCATGDRGGTDTQYFFGPGTRLTVLE	CATGDRGGTDTQYF	TRB	complex.id.17338_beta	16	TRBV27*01	TRBJ2-3*01	H
complex.id.11633_beta	EAQVTQNPRYLITVTGKKLTVTCSQNMNHEYMSWYRQDPGLGLRQIYYSMNVEVTDKGDVPEGYKVSRKEKRNFPLILESPSPNQTSLYFCCASGQGFYEQYFFGPGTRLTVTE	CASGQGFYEQYF	TRB	complex.id.11633	25	TRBV27*01	TRBJ2-7*01	H
complex.id.11633_beta_single	EAQVTQNPRYLITVTGKKLTVTCSQNMNHEYMSWYRQDPGLGLRQIYYSMNVEVTDKGDVPEGYKVSRKEKRNFPLILESPSPNQTSLYFCCASGQGFYEQYFFGPGTRLTVTE	CASGQGFYEQYF	TRB	complex.id.11633_beta	19	TRBV27*01	TRBJ2-7*01	H
complex.id.37879_beta	EAQVTQNPRYLITVTGKKLTVTCSQNMNHEYMSWYRQDPGLGLRQIYYSMNVEVTDKGDVPEGYKVSRKEKRNFPLILESPSPNQTSLYFCCASSLSGPLEEQYFFGPGTRLTVTE	CASSLSGPLEEQYF	TRB	complex.id.37879	23	TRBV27*01	TRBJ2-7*01	H
complex.id.37879_beta_single	EAQVTQNPRYLITVTGKKLTVTCSQNMNHEYMSWYRQDPGLGLRQIYYSMNVEVTDKGDVPEGYKVSRKEKRNFPLILESPSPNQTSLYFCCASSLSGPLEEQYFFGPGTRLTVTE	CASSLSGPLEEQYF	TRB	complex.id.37879_beta	15	TRBV27*01	TRBJ2-7*01	H
complex.id.11822_beta	EAQVTQNPRYLITVTGKKLTVTCSQNMNHEYMSWYRQDPGLGLRQIYYSMNVEVTDKGDVPEGYKVSRKEKRNFPLILESPSPNQTSLYFCCASSLSGPLETQYFFGPGTRLLVLE	CASSLSGPLETQYF	TRB	complex.id.11822	13	TRBV27*01	TRBJ2-5*01	H
complex.id.11822_beta_single	EAQVTQNPRYLITVTGKKLTVTCSQNMNHEYMSWYRQDPGLGLRQIYYSMNVEVTDKGDVPEGYKVSRKEKRNFPLILESPSPNQTSLYFCCASSLSGPLETQYFFGPGTRLLVLE	CASSLSGPLETQYF	TRB	complex.id.11822_beta	22	TRBV27*01	TRBJ2-5*01	H
complex.id.17339_beta	EAQVTQNPRYLITVTGKKLTVTCSQNMNHEYMSWYRQDPGLGLRQIYYSMNVEVTDKGDVPEGYKVSRKEKRNFPLILESPSPNQTSLYFCCASGDRSSTDTQYFFGPGTRLTVLE	CASGDRSSTDTQYF	TRB	complex.id.17339	20	TRBV27*01	TRBJ2-3*01	H
complex.id.17339_beta_single	EAQVTQNPRYLITVTGKKLTVTCSQNMNHEYMSWYRQDPGLGLRQIYYSMNVEVTDKGDVPEGYKVSRKEKRNFPLILESPSPNQTSLYFCCASGDRSSTDTQYFFGPGTRLTVLE	CASGDRSSTDTQYF	TRB	complex.id.17339_beta	20	TRBV27*01	TRBJ2-3*01	H
complex.id.17076_beta	DAGITQSPRHKVTETGTPVTLRCHQTENHRYMYWYRQDPGHGLRLIHYSYGVKDTDKGEVSDGYSVSRSKTEDFLLTLESATSSQTSVYFCCAIHPSGGPSTDTQYFFGPGTRLTVLE	CAIHPSGGPSTDTQYF	TRB	complex.id.17076	14	TRBV10-3*01	TRBJ2-3*01	H
complex.id.17076_beta_single	DAGITQSPRHKVTETGTPVTLRCHQTENHRYMYWYRQDPGHGLRLIHYSYGVKDTDKGEVSDGYSVSRSKTEDFLLTLESATSSQTSVYFCCAIHPSGGPSTDTQYFFGPGTRLTVLE	CAIHPSGGPSTDTQYF	TRB	complex.id.17076_beta	13	TRBV10-3*01	TRBJ2-3*01	H
complex.id.17432_beta	EAQVTQNPRYLITVTGKKLTVTCSQNMNHEYMSWYRQDPGLGLRQIYYSMNVEVTDKGDVPEGYKVSRKEKRNFPLILESPSPNQTSLYFCCASSERGPTDTQYFFGPGTRLTVLE	CASSERGPTDTQYF	TRB	complex.id.17432	25	TRBV27*01	TRBJ2-3*01	H
complex.id.17432_beta_single	EAQVTQNPRYLITVTGKKLTVTCSQNMNHEYMSWYRQDPGLGLRQIYYSMNVEVTDKGDVPEGYKVSRKEKRNFPLILESPSPNQTSLYFCCASSERGPTDTQYFFGPGTRLTVLE	CASSERGPTDTQYF	TRB	complex.id.17432_beta	12	TRBV27*01	TRBJ2-3*01	H
complex.id.11256_beta	DVKVTQSSRYLVKRTGEKVFLECVQDMDHENMFWYRQDPGLGLRLIYFSYDVKMKEKGDIPEGYSVSREKKERFSLILESASTNQTSMYLCCASSLYISVGSNTEAFFFGQGTRLTVVE	CASSLYISVGSNTEAFF	TRB	complex.id.11256	15	TRBV28*01	TRBJ1-1*01	H
complex.id.11256_beta_single	DVKVTQSSRYLVKRTGEKVFLECVQDMDHENMFWYRQDPGLGLRLIYFSYDVKMKEKGDIPEGYSVSREKKERFSLILESASTNQTSMYLCCASSLYISVGSNTEAFFFGQGTRLTVVE	CASSLYISVGSNTEAFF	TRB	complex.id.11256_beta	24	TRBV28*01	TRBJ1-1*01	H
complex.id.11964_beta	EAQVTQNPRYLITVTGKKLTVTCSQNMNHEYMSWYRQDPGLGLRQIYYSMNVEVTDKGDVPEGYKVSRKEKRNFPLILESPSPNQTSLYFCCASAARQGSDEQYFFGPGTRLTVTE	CASAARQGSDEQYF	TRB	complex.id.11964	12	TRBV27*01	TRBJ2-7*01	H
complex.id.11964_beta_single	EAQVTQNPRYLITVTGKKLTVTCSQNMNHEYMSWYRQDPGLGLRQIYYSMNVEVTDKGDVPEGYKVSRKEKRNFPLILESPSPNQTSLYFCCASAARQGSDEQYFFGPGTRLTVTE	CASAARQGSDEQYF	TRB	complex.id.11964_beta	21	TRBV27*01	TRBJ2-7*01	H
complex.id.17410_beta	DVKVTQSSRYLVKRTGEKVFLECVQDMDHENMFWYRQDPGLGLRLIYFSYDVKMKEKGDIPEGYSVSREKKERFSLILESASTNQTSMYLCCASSLSSEPYNEQFFFGPGTRLTVLE	CASSLSSEPYNEQFF	TRB	complex.id.17410	24	TRBV28*01	TRBJ2-1*01	H
complex.id.17410_beta_single	DVKVTQSSRYLVKRTGEKVFLECVQDMDHENMFWYRQDPGLGLRLIYFSYDVKMKEKGDIPEGYSVSREKKERFSLILESASTNQTSMYLCCASSLSSEPYNEQFFFGPGTRLTVLE	CASSLSSEPYNEQFF	TRB	complex.id.17410_beta	13	TRBV28*01	TRBJ2-1*01	H
complex.id.11818_beta	EAQVTQNPRYLITVTGKKLTVTCSQNMNHEYMSWYRQDPGLGLRQIYYSMNVEVTDKGDVPEGYKVSRKEKRNFPLILESPSPNQTSLYFCCASSLRDGGDTQYFFGPGTRLTVLE	CASSLRDGGDTQYF	TRB	complex.id.11818	19	TRBV27*01	TRBJ2-3*01	H
complex.id.11818_beta_single	EAQVTQNPRYLITVTGKKLTVTCSQNMNHEYMSWYRQDPGLGLRQIYYSMNVEVTDKGDVPEGYKVSRKEKRNFPLILESPSPNQTSLYFCCASSLRDGGDTQYFFGPGTRLTVLE	CASSLRDGGDTQYF	TRB	complex.id.11818_beta	18	TRBV27*01	TRBJ2-3*01	H
complex.id.11205_beta	EAQVTQNPRYLITVTGKKLTVTCSQNMNHEYMSWYRQDPGLGLRQIYYSMNVEVTDKGDVPEGYKVSRKEKRNFPLILESPSPNQTSLYFCCASTDRWAGDTQYFFGPGTRLTVLE	CASTDRWAGDTQYF	TRB	complex.id.11205	15	TRBV27*01	TRBJ2-3*01	H
complex.id.11205_beta_single	EAQVTQNPRYLITVTGKKLTVTCSQNMNHEYMSWYRQDPGLGLRQIYYSMNVEVTDKGDVPEGYKVSRKEKRNFPLILESPSPNQTSLYFCCASTDRWAGDTQYFFGPGTRLTVLE	CASTDRWAGDTQYF	TRB	complex.id.11205_beta	15	TRBV27*01	TRBJ2-3*01	H
complex.id.37883_beta	EAQVTQNPRYLITVTGKKLTVTCSQNMNHEYMSWYRQDPGLGLRQIYYSMNVEVTDKGDVPEGYKVSRKEKRNFPLILESPSPNQTSLYFCCASSYRSGLDEQYFFGPGTRLTVTE	CASSYRSGLDEQYF	TRB	complex.id.37883	14	TRBV27*01	TRBJ2-7*01	H
